Name,Image Name
Adelheim,Adelheim.jpg
Brama,Brama.jpg
Dezmodia,Dezmodia.jpg
Garu,Garu.jpg
Gex,Gex.jpg
Jian,Jian.jpg
Kadir,Kadir.jpg
Lash,Lash.jpg
Mazahaedron,Mazahaedron.jpg
Mist (Dagger Captain),Mist.jpg
Mist (Voidwalker),MistWE.jpg
Nym,Nym.jpg
Phaedraxa,Phaedraxa.jpg
Quilius,Quilius.jpg
Reeve,Reeve.jpg
Ulgimor,Ulgimor.jpg
Xaxos,Xaxos.jpg
Yan Magda,YanMagda.jpg
Z'hana,Zhana.jpg